en	zh	fr	category	context	policy
cultivation	修炼	cultivation	cultivation	Progression spirituelle ; pas l'agriculture.	literal
cultivator	修士	cultivateur	cultivation	Pratiquant spirituel.
Golden Core realm	金丹境	royaume du Noyau d'or	cultivation	Palier de progression, pas un objet.	literal
Golden Core	金丹	Noyau d'or	cultivation	Noyau spirituel.
Qi Refining realm	炼气境	royaume du Raffinement du qi	cultivation	Palier initial.
Foundation Establishment	筑基	Établissement des fondations	cultivation	Palier de progression.
Nascent Soul	元婴	Âme naissante	cultivation	Palier ou manifestation spirituelle.
Soul Transformation	化神	Transformation de l'esprit	cultivation	Palier de progression.
Void Refinement	炼虚	Raffinement du vide	cultivation	Palier de progression.
Body Integration	合体	Fusion du corps	cultivation	Palier de progression.
Mahayana realm	大乘境	royaume du Grand Accomplissement	cultivation	Palier, hors contexte religieux.
ascension	飞升	ascension	cultivation	Passage à un monde supérieur.
spiritual energy	灵气	énergie spirituelle	cultivation	Ne pas confondre avec le mana.	literal
true essence	真元	essence véritable	cultivation	Énergie interne raffinée.
spiritual root	灵根	racine spirituelle	cultivation	Aptitude à la cultivation.
meridians	经脉	méridiens	cultivation	Canaux énergétiques.
dantian	丹田	dantian	cultivation	Centre énergétique.
breakthrough	突破	percée (nom) / franchir un palier (verbe)	cultivation	En chinois 突破 est souvent un verbe : atteindre ou franchir un nouveau palier.
heavenly tribulation	天劫	tribulation céleste	cultivation	Épreuve lors d'une percée.
lightning tribulation	雷劫	tribulation de foudre	cultivation	Épreuve céleste.
inner demon	心魔	démon intérieur	cultivation	Obstacle mental, pas forcément une créature.
spiritual sense	神识	perception spirituelle	cultivation	Détection par l'esprit.
divine consciousness	神念	conscience divine	cultivation	Pouvoir de perception.
closed-door cultivation	闭关	cultivation en retraite	cultivation	Retraite d'entraînement.
dual cultivation	双修	double cultivation	cultivation	Pratique à deux, sens intime possible.
body tempering	淬体	renforcement du corps	cultivation	Entraînement physique spirituel.
bone tempering	炼骨	renforcement des os	cultivation	Entraînement.
spiritual vein	灵脉	veine spirituelle	cultivation	Gisement énergétique ou canal selon contexte.
spirit stone	灵石	pierre spirituelle	cultivation	Monnaie et énergie.
spirit crystal	灵晶	cristal spirituel	cultivation	Ressource énergétique.
spiritual sea	识海	mer de conscience	cultivation	Espace mental.
Dao heart	道心	cœur du Dao	cultivation	Volonté du pratiquant.
Dao companion	道侣	compagne ou compagnon du Dao	cultivation	Accorder le genre avec le personnage.
immortal	仙人	immortel	cultivation	Être transcendant.
immortal realm	仙界	monde des immortels	cultivation	Monde, pas palier.
mortal realm	凡界	monde des mortels	cultivation	Monde.
lower realm	下界	monde inférieur	cultivation	Monde.
upper realm	上界	monde supérieur	cultivation	Monde.
secret realm	秘境	domaine secret	cultivation	Lieu d'exploration.
sect	宗门	secte	cultivation	Organisation de cultivation ; pas secte religieuse moderne.
sect master	宗主	maître de secte	cultivation	Fonction, genre à adapter.
sect elder	长老	ancien de secte	cultivation	Rang hiérarchique.
outer disciple	外门弟子	disciple externe	cultivation	Rang.
inner disciple	内门弟子	disciple interne	cultivation	Rang.
core disciple	核心弟子	disciple principal	cultivation	Rang.
personal disciple	亲传弟子	disciple direct	cultivation	Élève personnel du maître.
senior brother	师兄	frère aîné	cultivation	Condisciple plus ancien, pas forcément frère biologique.
senior sister	师姐	sœur aînée	cultivation	Condisciple plus ancienne.
junior brother	师弟	frère cadet	cultivation	Condisciple plus récent.
junior sister	师妹	sœur cadette	cultivation	Condisciple plus récente.
master	师父	maître	cultivation	Mentor ; autres sens selon contexte.
martial uncle	师叔	oncle martial	cultivation	Hiérarchie de disciples.
patriarch	老祖	patriarche	cultivation	Fondateur ou ancêtre de l'organisation.
martial arts	武术	arts martiaux	martial	Disciplines de combat.
martial artist	武者	pratiquant martial	martial	Combattant.
martial world	江湖	monde martial	martial	Société des combattants.
internal energy	内力	énergie interne	martial	Force interne.
internal skill	内功	technique interne	martial	Méthode énergétique.
lightness skill	轻功	technique de légèreté	martial	Déplacement.
sword intent	剑意	intention d'épée	martial	Concept spirituel de maîtrise.
sword aura	剑气	aura d'épée	martial	Énergie de l'épée.
blade intent	刀意	intention de sabre	martial	刀 désigne ici un sabre.
blade aura	刀气	aura de sabre	martial	Énergie du sabre.
palm technique	掌法	technique de paume	martial	Combat à main nue.
fist technique	拳法	technique de poing	martial	Combat à main nue.
movement technique	身法	technique de déplacement	martial	Mobilité.
pressure point	穴位	point d'acupuncture	martial	Anatomie martiale.
killing intent	杀意	intention meurtrière	martial	Menace perceptible.
bloodline	血脉	lignée	martial	Héritage ou pouvoir selon contexte.
forbidden technique	禁术	technique interdite	martial	Technique.
secret technique	秘术	technique secrète	martial	Technique.
ultimate technique	绝招	technique ultime	martial	Coup décisif.
combat power	战力	puissance de combat	martial	Mesure de force.
mastery	熟练度	maîtrise	martial	Niveau de compétence.
sparring	切磋	duel d'entraînement	martial	Combat amical.
duel	决斗	duel	martial	Combat convenu.
ambush	伏击	embuscade	martial	Attaque surprise.
demonic sect	魔宗	secte démoniaque	cultivation	Organisation.
beast taming	御兽	dressage des bêtes	cultivation	Pratique spirituelle.
spirit beast	灵兽	bête spirituelle	cultivation	Créature.
demonic beast	妖兽	bête démoniaque	cultivation	Créature.
spirit pet	灵宠	familier spirituel	cultivation	Compagnon.
alchemy	炼丹	alchimie	cultivation	Fabrication de pilules.
alchemist	炼丹师	alchimiste	cultivation	Métier.
pill furnace	丹炉	fourneau alchimique	cultivation	Outil.
spiritual pill	灵丹	pilule spirituelle	cultivation	Consommable.
healing pill	疗伤丹	pilule de soin	cultivation	Consommable.
poison	毒	poison	martial	Substance.
antidote	解药	antidote	martial	Remède.
formation	阵法	formation	cultivation	Réseau magique, pas entraînement.
formation master	阵法师	maître des formations	cultivation	Métier.
barrier	结界	barrière magique	fantasy	Protection.
talisman	符箓	talisman	cultivation	Objet magique.
spiritual artifact	灵器	artefact spirituel	cultivation	Objet.
magical treasure	法宝	trésor magique	cultivation	Objet puissant.
storage ring	储物戒	anneau de stockage	cultivation	Inventaire spatial.
storage bag	储物袋	sac de stockage	cultivation	Inventaire spatial.
jade slip	玉简	tablette de jade	cultivation	Support de connaissances.
inheritance	传承	héritage	cultivation	Transmission de techniques.
reincarnation	转世	réincarnation	fantasy	Nouvelle vie.
transmigration	穿越	transmigration	fantasy	Passage vers un autre monde.
possession	夺舍	possession	cultivation	Prise d'un corps.
spiritual contract	契约	contrat spirituel	fantasy	Pacte magique.
mana	魔力	mana	fantasy	Énergie magique.
mana core	魔核	noyau de mana	fantasy	Source d'énergie.
magic circle	魔法阵	cercle magique	fantasy	Symbole magique.
mage	法师	mage	fantasy	Classe ou profession.
archmage	大法师	archimage	fantasy	Rang.
necromancer	死灵法师	nécromancien	fantasy	Classe.
summoner	召唤师	invocateur	fantasy	Classe.
summoned beast	召唤兽	créature invoquée	fantasy	Créature.
familiar	使魔	familier	fantasy	Compagnon magique.
dragon	龙	dragon	fantasy	Créature.
demon king	魔王	roi démon	fantasy	Titre.
holy sword	圣剑	épée sacrée	fantasy	Objet.
curse	诅咒	malédiction	fantasy	Sort.
blessing	祝福	bénédiction	fantasy	Effet.
guild	公会	guilde	game	Organisation, pas secte.
guild master	公会会长	maître de guilde	game	Responsable.
adventurer	冒险者	aventurier	game	Métier.
adventurers' guild	冒险者公会	guilde des aventuriers	game	Organisation.
dungeon entrance	地下城入口	entrée du donjon	game	Lieu.
dungeon	地下城	donjon	game	Zone d'aventure, pas cachot.
raid	团本	raid	game	Expédition collective.
boss monster	首领怪	monstre boss	game	Ennemi majeur.
quest	任务	quête	game	Mission dans une interface de jeu.
main quest	主线任务	quête principale	game	Mission.
side quest	支线任务	quête secondaire	game	Mission.
hidden quest	隐藏任务	quête cachée	game	Mission.
quest reward	任务奖励	récompense de quête	game	Récompense.
experience points	经验值	points d'expérience	game	Statistique.
level up	升级	monter de niveau	game	Progression.
skill points	技能点	points de compétence	game	Ressource.
skill tree	技能树	arbre de compétences	game	Interface.
cooldown	冷却时间	temps de recharge	game	Délai.
critical hit	暴击	coup critique	game	Combat.
critical damage	暴击伤害	dégâts critiques	game	Statistique.
health points	生命值	points de vie	game	Statistique.
mana points	魔法值	points de mana	game	Statistique.
stamina	体力	endurance	game	Statistique.
agility	敏捷	agilité	game	Statistique.
defense	防御	défense	game	Statistique.
attack power	攻击力	puissance d'attaque	game	Statistique.
inventory	背包	inventaire	game	Interface ; sac physique hors jeu.
equipment	装备	équipement	game	Objets.
loot	战利品	butin	game	Objets récupérés.
drop rate	掉落率	taux de butin	game	Probabilité.
respawn	复活	réapparition	game	Après une mort, résurrection hors jeu.
party	队伍	groupe	game	Équipe, pas fête.
healer	治疗师	soigneur	game	Classe.
tank	坦克	tank	game	Rôle de protection ; char hors jeu.
assassin	刺客	assassin	game	Classe.
archer	弓箭手	archer	game	Classe.
warrior	战士	guerrier	game	Classe.
status window	状态窗口	fenêtre de statut	game	Interface.
system notification	系统提示	notification du système	game	Interface.
awakening	觉醒	éveil	fantasy	Obtention de pouvoirs.
awakened	觉醒者	éveillé	fantasy	Personne dotée de pouvoirs.
hunter	猎人	chasseur	fantasy	Métier ou titre.
gate	传送门	portail	fantasy	Passage magique.
rank	等级	rang	game	Classement ; niveau selon contexte.
S-rank	Ｓ级	rang S	game	Classement.
class president	班长	délégué de classe	school	Fonction scolaire.
student council	学生会	conseil des élèves	school	Organisation.
student council president	学生会长	président du conseil des élèves	school	Genre à adapter.
homeroom teacher	班主任	professeur principal	school	Fonction.
transfer student	转校生	nouvel élève transféré	school	Genre à adapter.
school festival	学园祭	festival scolaire	school	Événement.
entrance exam	入学考试	examen d'entrée	school	Épreuve.
midterm exam	期中考试	examen de mi-semestre	school	Épreuve.
final exam	期末考试	examen de fin de semestre	school	Épreuve.
classmate	同学	camarade de classe	school	Relation.
senior student	学长	élève aîné	school	Pas frère martial.
junior student	学弟	élève cadet	school	Pas frère martial.
school uniform	校服	uniforme scolaire	school	Vêtement.
confession	告白	déclaration d'amour	romance	Contexte amoureux, pas confession pénale.
first love	初恋	premier amour	romance	Relation.
childhood friend	青梅竹马	ami ou amie d'enfance	romance	Choisir ami pour un homme et amie pour une femme ; she impose amie.
fiancé	未婚夫	fiancé	romance	Relation.
fiancée	未婚妻	fiancée	romance	Relation.
engagement	婚约	fiançailles	romance	Promesse de mariage.
blind date	相亲	rencontre arrangée	romance	Rendez-vous matrimonial.
unrequited love	单相思	amour non réciproque	romance	Relation.
love rival	情敌	rival amoureux	romance	Genre à adapter.
break up	分手	se séparer	romance	Rupture de couple.
date	约会	rendez-vous amoureux	romance	Pas date de calendrier.
crush	暗恋	amour secret	romance	Sentiment, pas écrasement.
marriage proposal	求婚	demande en mariage	romance	Événement.
